Node,X,Y
0,0.943494870601205,0.7341241517758379
1,0.9210020953125786,0.5513015625518676
2,0.8922138314310559,0.581281518406459
3,0.38103731714578826,0.45967283423003247
4,0.11634414720058517,0.8415111815448416
5,0.8848046204078319,0.7466422987771745
6,0.7654064723230052,0.01406884559235666
7,0.7445296545879373,0.7046499425114588
8,0.8844543961716907,0.9390660246712874
9,0.5498670422018116,0.5747858862748977
10,0.7712202396975605,0.22815653925615198
11,0.09167895483950761,0.5676977912803476
12,0.6174810387767631,0.22475944952102134
13,0.1359973487982643,0.3839184673289264
14,0.8468962721753792,0.17429010032804237
15,0.5711744935713232,0.22609311761349393
16,0.8179779415682232,0.09970832358928061
17,0.18331554209780332,0.16820345652603463
18,0.09815774539375954,0.4251955167260685
19,0.736014777991538,0.16407559795086835
20,0.7242058312058101,0.011635762814358186
21,0.43504080747875684,0.21331174005920994
22,0.7535301614434302,0.4618146594161481
23,0.6218075888243031,0.24110191848804896
24,0.3120779522278926,0.03432082255823954
25,0.9376996214547096,0.6756225083788306
26,0.642211894381917,0.30176650043703646
27,0.24238568559029072,0.4125314980508986
28,0.3113505861732748,0.5226379019902325
29,0.7576777158452146,0.7417550883399936
30,0.4329275730187967,0.6073932440842434
31,0.9083373106170406,0.8429204208022232
32,0.0701961909138552,0.17605808770720865
33,0.5288569908762933,0.48746456384856074
34,0.2842393967943313,0.9399494212103736
35,0.07908244894435346,0.3770706598707978
36,0.8866257964545587,0.9333939676025452
37,0.4558030609714535,0.5782644762372187
38,0.3974882908189574,0.1962826326644621
39,0.38485659309616294,0.885759316576559
40,0.774891298043196,0.7763005250989934
41,0.06258726527538483,0.7197907410329737
42,0.5891448512739147,0.9933611162459598
43,0.5943878681313204,0.27541488934350056
44,0.26594818953680077,0.03682992192803358
45,0.610326586926661,0.36424803865865374
46,0.015983717233368333,0.2443400401811232
47,0.8351566309829924,0.4397804942357135
48,0.3797061735051651,0.7442653739892096
49,0.8014770197370873,0.12430682230377932
50,0.1107203123514846,0.4785316162118862
51,0.40425411435729,0.09897053462168182
52,0.1595428052349458,0.6181633596740854
53,0.5273477988132119,0.9337617828908361
54,0.5189483946909342,0.9223842863724222
55,0.8009626995703303,0.8925166659856204
56,0.22091254785319825,0.2736028565796359
57,0.1093097609004201,0.0441257445686003
58,0.6570808357351998,0.14243641168232968
59,0.7290208810771595,0.7559901002219607
60,0.6931849493982928,0.5831536646872534
61,0.05590300938273929,0.2920158163332712
62,0.7125576493746727,0.765155651618156
63,0.22880298708200253,0.5826819054413815
64,0.8283962865526071,0.8159704934266636
65,0.2864409431617042,0.40132023227161484
66,0.9822040797809597,0.32934022316417244
67,0.40236083310712534,0.8112722547019052
68,0.8051294793576874,0.9567606519933033
69,0.78442652952485,0.789721048237526
70,0.04286265396986222,0.07204554524739837
71,0.2638038045210853,0.38881489484455267
72,0.09137115133498652,0.6664737427869726
73,0.07623534495429862,0.241132682416342
74,0.9612189379136208,0.0903003559121831
75,0.7538448974427034,0.3128062034142557
76,0.9524448612736572,0.9647886317219501
77,0.225143604652412,0.7330804031256721
78,0.6776429865422133,0.5606203566271019
79,0.3183589150026781,0.7646571463841197
80,0.16883997279519158,0.8585942037459595
81,0.7959359615883456,0.2444736958203223
82,0.5502650521776413,0.3857656495102595
83,0.07958871303699466,0.8242113063101484
84,0.24206603038070673,0.6257029975475332
85,0.7079986656018705,0.7239594098175443
86,0.9305992034092996,0.8374612499747981
87,0.8693362994001681,0.11467431088403801
88,0.0075821013814501015,0.6012628774922344
89,0.8292794492721747,0.05888327869643639
90,0.7658172431090657,0.025887270206248925
91,0.7299589846836513,0.6469330443126068
92,0.08141441099798552,0.2153392581279171
93,0.151134507129269,0.8203320658195663
94,0.9736675275870069,0.5560773968194961
95,0.9353963961193235,0.9846216414006825
96,0.0029545388775628068,0.6185952831502429
97,0.1038206546688184,0.5836981654346792
98,0.0030053029795579222,0.9491304802609907
99,0.6762107756607426,0.3644311080693605
100,0.6187544461596461,0.16469317223507685
101,0.2768506013587513,0.970080517725408
102,0.5971005653986932,0.5605511711990033
103,0.546476229924303,0.7802283434745618
104,0.4270633396493818,0.2621687552637847
105,0.8631720847118447,0.8101896020269272
106,0.847612118937343,0.8581679273945615
107,0.5441764742796109,0.7194571768683297
108,0.24365047244954985,0.8718235355303209
109,0.06496300371584618,0.23914376739126553
110,0.5654497121700416,0.06015126024663775
111,0.06989169339215173,0.5138432715242243
112,0.7467695735740253,0.2385298530148875
113,0.6999870195549003,0.534284773372538
114,0.7130421885336362,0.4309122396711067
115,0.8991529011238991,0.017904766977934528
116,0.7401025958601964,0.6471605419293905
117,0.5328102311582177,0.8863446511586481
118,0.31579529902552694,0.8982819960691535
119,0.1602352667145578,0.9043053627563534
120,0.1262100969236628,0.819019450237568
121,0.8669166181266087,0.19626724948667396
122,0.16229355630978737,0.9982021831666172
123,0.04215440158252626,0.9352020382196853
124,0.15403545414294073,0.46510203667586325
125,0.6630992477171165,0.9740376287903093
126,0.23386498791819976,0.574665515890114
127,0.9428145015276809,0.9651134179944972
128,0.3252372447626588,0.8530857104018303
129,0.15015443699447573,0.22198345766316407
130,0.49505562535108705,0.7068982506174392
131,0.49185195616632804,0.3817174209622265
132,0.3137688099196383,0.7069371094360545
133,0.2596158499167954,0.037414982698893984
134,0.993445473032892,0.626713779153617
135,0.3348386559513288,0.3794635742401229
136,0.5801209792513045,0.9223589415050569
137,0.4785297080106973,0.339106520068404
138,0.16236921259323067,0.8022601809924054
139,0.8817064678103633,0.8364626250052507
140,0.776968221931395,0.6972539643839653
141,0.04689987822288688,0.9452636422464481
142,0.9294997350397741,0.4782665987049276
143,0.40882549544484825,0.8784740627260013
144,0.7592550152243226,0.7003300508513043
145,0.9508024733515676,0.4203422631866971
146,0.9367781381620921,0.24791033218854142
147,0.673333506011496,0.35620867451041793
148,0.005387669475137691,0.5368238045331438
149,0.6925010593637343,0.9113294464989712
150,0.5114888802378992,0.5058007847734646
151,0.24896217277595112,0.7656808120996218
152,0.4207663598461526,0.19052923067084937
153,0.3344394131210422,0.6948485018181947
154,0.7928215826307897,0.5007330404491668
155,0.02315542961611272,0.9676951108479095
156,0.1720827159407401,0.4872325892372862
157,0.8811316628026221,0.9389442840948568
158,0.6438534459133874,0.5294608714526549
159,0.1323421163498698,0.9032936828880505
160,0.4709381739822036,0.8566016277650684
161,0.04758455651650573,0.624542605173512
162,0.752831953970977,0.4816110281354765
163,0.9716802122850894,0.5241018274801076
164,0.8859662440987243,0.8018951604151091
165,0.4899370602763944,0.20564719361656758
166,0.23935111401990206,0.4400144671218926
167,0.32582097629330176,0.5623983531899757
168,0.8099686821458925,0.9019362348331026
169,0.9783397059821667,0.9717178735268241
170,0.3307974839157922,0.6673168391166209
171,0.0020634997183920367,0.029307317371299546
172,0.2830937382115618,0.8469613654542908
173,0.835281139374447,0.4379828130039993
174,0.21007676427639765,0.7294193584993863
175,0.4519276526562964,0.33261884245253004
176,0.6148898036509953,0.29441858170584956
177,0.2832977612096721,0.4786051141497102
178,0.7157231991398394,0.5187458264148185
179,0.8474098259192822,0.5028057922488955
180,0.8590328752014393,0.39721220880871544
181,0.02150681432924273,0.1400627668109361
182,0.6234753028223842,0.003589892221717794
183,0.5871575036428943,0.7443103443387935
184,0.6016675020429081,0.3671535534551782
185,0.021083154254377123,0.3290194946581252
186,0.5532428063710916,0.19755882412711057
187,0.34718964766640736,0.6156484678791443
188,0.4098849315350108,0.6959600913662888
189,0.45931940958989637,0.025535362533054884
190,0.7581792141265563,0.5050673910216187
191,0.21886575876588843,0.7495572565684419
192,0.8886159314662955,0.05778260709219929
193,0.789858831182695,0.6390954628785221
194,0.6347109217321563,0.2178114461165942
195,0.15746569191012605,0.8358226796797901
196,0.04328959284900358,0.615205159246269
197,0.8321307232823614,0.9774605618474765
198,0.49437028927298543,0.6088074572735184
199,0.04217288859665724,0.6515226558325307

Edge,Source,Target,Capacity
,1,0,48
,1,5,48
,1,22,15
,1,25,12
,1,40,32
,1,62,41
,1,66,25
,1,78,11
,1,91,10
,1,113,4
,1,139,39
,1,140,19
,1,142,2
,1,144,9
,1,162,48
,1,163,12
,1,164,19
,1,180,12
,1,190,17
,2,0,42
,2,1,18
,2,22,47
,2,29,48
,2,31,11
,2,47,15
,2,66,16
,2,78,25
,2,86,1
,2,102,21
,2,105,42
,2,114,17
,2,140,31
,2,144,37
,2,145,37
,2,162,12
,2,163,39
,2,180,17
,5,0,46
,5,2,15
,5,7,16
,5,31,14
,5,40,41
,5,60,49
,5,68,42
,5,76,17
,5,78,33
,5,91,12
,5,105,12
,5,106,12
,5,113,23
,5,116,6
,5,127,34
,5,142,1
,5,144,34
,5,157,39
,5,162,7
,5,164,30
,5,168,32
,5,169,22
,7,0,15
,7,1,15
,7,2,29
,7,22,4
,7,25,45
,7,29,27
,7,47,8
,7,55,39
,7,59,33
,7,60,37
,7,64,20
,7,68,9
,7,85,38
,7,91,25
,7,94,37
,7,103,15
,7,105,44
,7,113,43
,7,117,47
,7,130,22
,7,134,41
,7,140,22
,7,142,6
,7,144,32
,7,154,16
,7,157,5
,7,162,7
,7,168,40
,7,173,22
,7,178,18
,7,179,37
,7,193,5
,7,198,15
,8,0,39
,8,5,46
,8,7,10
,8,40,16
,8,59,28
,8,62,41
,8,68,15
,8,95,27
,8,105,27
,8,106,23
,8,125,25
,8,144,19
,8,149,20
,8,164,46
,8,168,30
,8,197,7
,0,25,27
,0,55,11
,0,59,4
,0,62,49
,0,64,33
,0,69,47
,0,76,1
,0,85,48
,0,91,17
,0,94,32
,0,106,44
,0,140,7
,0,142,38
,0,144,24
,0,154,33
,0,164,3
,0,168,46
,0,169,11
,0,190,2
,0,193,47
,0,197,3
,29,0,46
,29,1,33
,29,5,6
,29,8,28
,29,9,38
,29,22,1
,29,25,16
,29,31,30
,29,36,8
,29,40,5
,29,53,37
,29,59,12
,29,60,28
,29,62,20
,29,64,41
,29,68,16
,29,78,15
,29,85,45
,29,91,7
,29,94,28
,29,103,5
,29,105,8
,29,116,24
,29,117,22
,29,127,10
,29,130,5
,29,136,11
,29,140,22
,29,144,5
,29,154,48
,29,157,25
,31,0,6
,31,1,42
,31,7,46
,31,8,7
,31,25,8
,31,40,38
,31,55,4
,31,62,23
,31,64,33
,31,68,26
,31,69,28
,31,76,2
,31,85,40
,31,86,13
,31,95,9
,31,105,11
,31,127,15
,31,134,25
,31,140,23
,31,149,6
,31,157,26
,31,168,30
,31,193,12
,36,0,19
,36,5,18
,36,7,28
,36,8,17
,36,31,50
,36,40,39
,36,55,38
,36,59,17
,36,62,21
,36,68,40
,36,76,5
,36,85,17
,36,95,42
,36,106,18
,36,164,15
,40,0,41
,40,2,25
,40,7,35
,40,25,44
,40,42,17
,40,53,4
,40,54,17
,40,59,36
,40,60,2
,40,68,42
,40,69,4
,40,76,14
,40,91,28
,40,95,23
,40,102,31
,40,107,48
,40,127,19
,40,134,15
,40,140,30
,40,144,1
,40,157,5
,40,164,27
,40,168,17
,40,179,34
,40,183,19
,40,190,5
,40,197,27
,60,0,46
,60,1,1
,60,2,23
,60,9,29
,60,25,24
,60,30,17
,60,33,20
,60,37,45
,60,45,28
,60,59,11
,60,69,12
,60,75,17
,60,82,38
,60,85,2
,60,91,20
,60,94,7
,60,102,38
,60,103,10
,60,107,8
,60,113,10
,60,114,4
,60,130,9
,60,147,11
,60,150,33
,60,162,12
,60,163,9
,60,173,3
,60,176,17
,60,183,36
,60,193,34
,60,198,2
,68,0,40
,68,42,31
,68,53,25
,68,55,40
,68,59,14
,68,62,43
,68,76,10
,68,86,20
,68,95,3
,68,105,28
,68,106,11
,68,117,21
,68,127,28
,68,139,50
,68,149,27
,68,157,10
,68,164,48
,68,168,3
,68,197,36
,86,0,47
,86,1,18
,86,5,9
,86,7,2
,86,8,29
,86,25,8
,86,29,20
,86,36,31
,86,40,35
,86,55,42
,86,59,26
,86,62,44
,86,69,20
,86,95,4
,86,116,17
,86,134,22
,86,139,7
,86,144,18
,86,157,21
,86,164,2
,86,169,31
,86,197,13
,95,0,43
,95,5,50
,95,76,34
,95,105,37
,95,125,20
,95,149,41
,95,164,30
,95,169,26
,95,197,12
,105,0,2
,105,1,23
,105,36,49
,105,40,18
,105,59,39
,105,60,2
,105,64,40
,105,69,22
,105,76,4
,105,86,20
,105,125,36
,105,139,44
,105,140,45
,105,144,34
,105,157,5
,105,197,8
,116,0,43
,116,1,30
,116,2,50
,116,7,15
,116,31,23
,116,37,34
,116,40,30
,116,55,15
,116,60,15
,116,85,48
,116,91,28
,116,94,29
,116,99,31
,116,102,37
,116,105,9
,116,113,46
,116,114,13
,116,134,24
,116,139,13
,116,140,45
,116,144,18
,116,164,30
,116,168,8
,116,173,15
,116,179,17
,116,180,37
,116,183,14
,127,0,20
,127,8,35
,127,36,41
,127,55,40
,127,76,50
,127,86,35
,127,95,5
,127,105,6
,127,106,37
,127,125,47
,127,139,46
,127,157,7
,127,164,50
,127,168,42
,127,197,30
,134,0,43
,134,1,21
,134,2,42
,134,5,32
,134,25,46
,134,29,10
,134,47,1
,134,66,26
,134,69,19
,134,94,24
,134,105,30
,134,139,47
,134,145,39
,134,154,29
,134,178,50
,134,179,46
,134,190,30
,134,193,22
,139,0,42
,139,2,39
,139,5,18
,139,7,9
,139,8,44
,139,29,48
,139,31,23
,139,36,16
,139,40,8
,139,55,7
,139,59,21
,139,62,4
,139,64,42
,139,69,18
,139,76,15
,139,85,21
,139,91,7
,139,95,45
,139,106,28
,139,144,44
,139,164,33
,139,193,22
,139,197,6
,157,0,31
,157,8,44
,157,25,27
,157,36,9
,157,42,24
,157,59,26
,157,64,40
,157,69,39
,157,76,10
,157,85,41
,157,95,43
,157,106,19
,157,125,32
,157,139,20
,157,144,6
,157,149,26
,157,168,49
,163,0,30
,163,5,39
,163,7,19
,163,22,2
,163,25,8
,163,91,8
,163,94,37
,163,116,39
,163,134,36
,163,140,8
,163,144,31
,163,146,26
,163,154,30
,163,164,22
,163,180,1
,163,190,21
,179,0,31
,179,1,3
,179,2,38
,179,5,6
,179,22,11
,179,29,6
,179,45,15
,179,59,30
,179,60,32
,179,66,31
,179,69,22
,179,75,47
,179,85,30
,179,94,45
,179,113,26
,179,114,11
,179,140,24
,179,144,11
,179,145,2
,179,163,20
,179,190,43
,179,193,40
,47,1,21
,47,10,36
,47,19,41
,47,25,17
,47,26,15
,47,43,29
,47,45,4
,47,60,6
,47,66,37
,47,81,42
,47,94,2
,47,99,25
,47,102,30
,47,114,29
,47,116,45
,47,140,1
,47,144,27
,47,145,45
,47,154,31
,47,158,22
,47,163,50
,47,173,20
,47,176,47
,47,179,20
,47,180,23
,47,184,13
,47,190,48
,47,194,35
,59,1,20
,59,2,36
,59,5,14
,59,9,8
,59,25,1
,59,31,24
,59,42,33
,59,53,39
,59,62,1
,59,69,15
,59,78,15
,59,85,11
,59,91,32
,59,103,25
,59,106,11
,59,113,30
,59,116,13
,59,117,30
,59,125,42
,59,127,49
,59,130,39
,59,134,10
,59,140,24
,59,144,47
,59,164,44
,59,197,7
,59,198,38
,64,1,9
,64,2,11
,64,5,48
,64,8,26
,64,36,2
,64,40,32
,64,55,47
,64,59,17
,64,60,39
,64,62,25
,64,68,18
,64,85,42
,64,86,45
,64,91,45
,64,95,37
,64,103,11
,64,116,31
,64,125,34
,64,127,8
,64,134,34
,64,140,4
,64,144,49
,64,149,4
,64,164,7
,64,168,20
,64,169,37
,64,183,10
,69,1,17
,69,2,4
,69,5,50
,69,7,34
,69,8,30
,69,25,1
,69,29,42
,69,36,19
,69,42,37
,69,53,11
,69,54,29
,69,64,36
,69,68,46
,69,76,47
,69,78,12
,69,91,17
,69,95,28
,69,102,39
,69,103,41
,69,106,27
,69,116,45
,69,117,47
,69,127,28
,69,136,36
,69,140,22
,69,144,28
,69,168,12
,69,183,14
,69,190,4
,69,193,17
,75,1,6
,75,6,25
,75,12,13
,75,15,27
,75,16,45
,75,22,33
,75,23,43
,75,45,44
,75,47,38
,75,78,6
,75,81,16
,75,82,18
,75,89,8
,75,90,8
,75,99,32
,75,100,36
,75,112,21
,75,113,50
,75,114,34
,75,121,36
,75,137,9
,75,142,18
,75,145,8
,75,162,8
,75,165,36
,75,176,11
,75,178,6
,85,1,33
,85,2,50
,85,5,19
,85,8,34
,85,9,15
,85,25,13
,85,30,4
,85,33,31
,85,40,45
,85,54,41
,85,62,18
,85,68,36
,85,69,8
,85,78,33
,85,86,7
,85,91,3
,85,105,26
,85,106,18
,85,113,28
,85,117,26
,85,125,34
,85,130,7
,85,136,18
,85,144,22
,85,149,11
,85,150,47
,85,154,33
,85,168,6
,85,178,19
,85,183,24
,85,188,17
,85,190,20
,85,193,6
,85,197,40
,85,198,8
,94,1,26
,94,2,16
,94,5,46
,94,31,25
,94,40,4
,94,64,31
,94,66,6
,94,86,3
,94,91,44
,94,105,43
,94,139,34
,94,140,20
,94,145,16
,94,162,21
,94,173,36
,94,178,38
,94,180,15
,114,1,6
,114,7,35
,114,12,30
,114,14,15
,114,15,38
,114,22,19
,114,26,45
,114,33,14
,114,37,33
,114,45,49
,114,58,8
,114,81,42
,114,82,9
,114,85,32
,114,94,9
,114,100,2
,114,102,29
,114,137,37
,114,140,1
,114,163,40
,114,175,48
,114,178,15
,114,180,36
,114,186,36
,114,190,45
,114,193,19
,145,1,25
,145,10,33
,145,25,35
,145,66,5
,145,112,37
,145,113,1
,145,114,27
,145,121,5
,145,142,50
,145,146,40
,145,147,11
,145,154,9
,145,163,41
,145,173,28
,145,190,24
,154,1,4
,154,2,27
,154,5,14
,154,9,37
,154,10,49
,154,26,8
,154,40,16
,154,45,36
,154,59,43
,154,60,40
,154,62,47
,154,66,26
,154,69,34
,154,75,25
,154,78,15
,154,82,21
,154,91,21
,154,94,27
,154,99,4
,154,114,13
,154,116,23
,154,140,7
,154,142,11
,154,146,33
,154,147,17
,154,150,39
,154,179,43
,154,190,45
,154,193,43
,158,1,24
,158,2,20
,158,3,4
,158,7,2
,158,9,35
,158,22,1
,158,29,22
,158,30,8
,158,37,17
,158,40,5
,158,43,22
,158,59,7
,158,60,41
,158,69,31
,158,75,6
,158,85,24
,158,91,31
,158,99,18
,158,107,2
,158,114,20
,158,116,40
,158,130,20
,158,144,36
,158,147,26
,158,150,5
,158,154,48
,158,173,14
,158,175,45
,158,176,44
,158,178,31
,158,179,45
,158,180,27
,158,183,50
,173,1,49
,173,2,22
,173,26,45
,173,66,28
,173,75,14
,173,78,16
,173,99,27
,173,113,10
,173,114,29
,173,121,38
,173,134,26
,173,142,26
,173,147,5
,173,154,21
,173,162,29
,173,163,8
,173,176,12
,173,179,23
,173,180,24
,173,190,33
,173,193,31
,173,194,9
,178,1,17
,178,2,29
,178,5,21
,178,22,45
,178,23,15
,178,25,48
,178,26,17
,178,29,48
,178,30,9
,178,33,27
,178,37,40
,178,40,36
,178,43,34
,178,47,31
,178,59,10
,178,60,32
,178,62,37
,178,69,43
,178,81,13
,178,82,5
,178,91,29
,178,107,35
,178,112,13
,178,116,23
,178,131,12
,178,137,38
,178,144,7
,178,145,34
,178,150,42
,178,154,19
,178,162,41
,178,163,39
,178,173,48
,178,176,3
,178,179,36
,178,180,12
,178,190,9
,193,1,3
,193,2,14
,193,5,15
,193,29,39
,193,40,39
,193,47,42
,193,59,20
,193,64,24
,193,86,30
,193,94,20
,193,99,34
,193,105,41
,193,106,38
,193,116,50
,193,144,45
,193,145,32
,193,149,28
,193,158,34
,193,163,47
,193,164,13
,193,178,37
,193,180,9
,193,198,1
,25,2,24
,25,5,28
,25,8,25
,25,22,16
,25,36,50
,25,55,26
,25,64,45
,25,76,1
,25,78,50
,25,91,45
,25,94,11
,25,105,3
,25,106,26
,25,113,1
,25,116,18
,25,127,26
,25,139,16
,25,144,42
,25,154,22
,25,162,30
,25,164,21
,25,169,18
,25,173,26
,25,179,18
,25,180,3
,25,193,13
,62,2,32
,62,5,3
,62,7,27
,62,25,23
,62,40,46
,62,42,49
,62,60,15
,62,69,31
,62,78,19
,62,91,22
,62,102,43
,62,103,11
,62,105,43
,62,107,1
,62,116,23
,62,125,14
,62,144,14
,62,149,10
,62,157,46
,62,158,12
,62,160,21
,62,162,38
,62,164,22
,62,168,48
,62,179,45
,62,190,7
,62,193,39
,62,197,45
,62,198,17
,91,2,49
,91,30,49
,91,31,49
,91,37,35
,91,47,27
,91,55,24
,91,86,5
,91,102,42
,91,105,14
,91,107,45
,91,113,26
,91,114,11
,91,134,28
,91,140,46
,91,142,20
,91,144,13
,91,147,42
,91,149,9
,91,150,48
,91,162,2
,91,164,33
,91,168,4
,91,173,35
,91,179,14
,91,180,8
,91,193,26
,106,2,11
,106,7,15
,106,29,24
,106,31,6
,106,40,1
,106,42,26
,106,55,1
,106,62,10
,106,64,24
,106,76,50
,106,86,2
,106,91,40
,106,95,7
,106,105,3
,106,116,11
,106,125,8
,106,134,15
,106,140,25
,106,144,21
,106,168,20
,106,169,41
,106,183,19
,106,197,27
,113,2,40
,113,9,12
,113,26,18
,113,29,39
,113,30,11
,113,33,48
,113,40,7
,113,47,44
,113,62,31
,113,69,15
,113,78,18
,113,94,45
,113,103,36
,113,107,3
,113,114,39
,113,130,30
,113,131,30
,113,137,3
,113,154,47
,113,158,11
,113,162,18
,113,163,21
,113,176,12
,113,178,41
,113,180,9
,113,184,37
,113,193,30
,142,2,29
,142,10,18
,142,22,32
,142,25,41
,142,47,38
,142,60,41
,142,94,34
,142,113,17
,142,114,27
,142,116,33
,142,134,18
,142,146,14
,142,147,36
,142,158,27
,142,162,17
,142,163,41
,142,178,10
,142,179,13
,142,190,24
,142,193,26
,164,2,21
,164,7,47
,164,29,39
,164,31,43
,164,55,32
,164,60,27
,164,69,17
,164,85,16
,164,94,20
,164,105,40
,164,106,15
,164,134,32
,164,144,24
,164,149,35
,164,157,25
,190,2,6
,190,5,14
,190,7,14
,190,23,35
,190,25,21
,190,26,46
,190,29,43
,190,33,14
,190,43,12
,190,59,30
,190,60,32
,190,75,50
,190,81,37
,190,91,50
,190,94,17
,190,99,4
,190,102,15
,190,112,30
,190,113,49
,190,116,29
,190,140,45
,190,147,49
,190,150,40
,190,158,7
,190,176,22
,190,180,33
,190,183,14
,190,184,45
,190,193,2
,190,198,46
,9,3,31
,9,7,37
,9,26,9
,9,28,45
,9,33,34
,9,37,9
,9,45,30
,9,62,21
,9,78,44
,9,82,6
,9,91,40
,9,102,47
,9,114,10
,9,116,38
,9,130,48
,9,131,1
,9,132,48
,9,147,47
,9,150,29
,9,160,45
,9,175,6
,9,176,31
,9,177,18
,9,178,7
,9,190,9
,9,193,5
,13,3,32
,13,11,47
,13,17,21
,13,28,5
,13,52,8
,13,63,6
,13,65,11
,13,71,36
,13,92,18
,13,96,23
,13,109,34
,13,111,40
,13,124,22
,13,129,27
,13,135,23
,13,148,35
,13,161,23
,13,166,41
,3,18,30
,3,27,16
,3,33,1
,3,52,18
,3,56,9
,3,65,25
,3,82,20
,3,84,45
,3,102,29
,3,104,27
,3,124,8
,3,131,26
,3,153,40
,3,156,36
,3,165,48
,3,166,38
,3,175,43
,3,184,32
,21,3,27
,21,24,6
,21,44,26
,21,45,22
,21,56,13
,21,58,10
,21,65,16
,21,71,26
,21,82,22
,21,104,20
,21,129,8
,21,135,47
,21,137,42
,21,152,1
,21,166,35
,21,175,4
,21,182,22
,21,184,23
,28,3,42
,28,11,45
,28,18,33
,28,27,36
,28,30,27
,28,33,7
,28,35,48
,28,37,48
,28,52,13
,28,56,35
,28,63,17
,28,65,22
,28,72,45
,28,79,7
,28,84,41
,28,124,14
,28,130,16
,28,131,12
,28,137,12
,28,150,46
,28,151,18
,28,153,50
,28,156,29
,28,166,31
,28,174,47
,28,175,48
,28,177,40
,28,187,26
,28,188,28
,28,191,38
,28,198,12
,28,199,46
,30,3,27
,30,9,44
,30,52,6
,30,65,44
,30,67,27
,30,71,7
,30,77,49
,30,82,28
,30,84,35
,30,102,27
,30,117,13
,30,126,35
,30,128,11
,30,131,8
,30,132,36
,30,143,19
,30,151,6
,30,153,48
,30,160,47
,30,166,17
,30,167,1
,30,170,25
,30,174,37
,30,177,17
,30,183,30
,30,184,15
,30,187,23
,30,188,42
,30,191,1
,37,3,49
,37,30,36
,37,48,5
,37,65,17
,37,67,19
,37,78,44
,37,85,46
,37,113,39
,37,126,43
,37,130,26
,37,135,3
,37,137,16
,37,153,47
,37,156,20
,37,167,26
,37,170,43
,37,175,36
,37,177,22
,37,191,31
,37,198,18
,38,3,39
,38,15,38
,38,21,40
,38,26,43
,38,27,32
,38,44,28
,38,45,20
,38,51,49
,38,56,10
,38,65,41
,38,100,5
,38,110,9
,38,133,27
,38,137,1
,38,152,4
,38,175,42
,38,186,32
,38,194,34
,43,3,9
,43,14,46
,43,16,39
,43,19,29
,43,21,32
,43,23,37
,43,26,34
,43,38,22
,43,45,43
,43,51,21
,43,58,38
,43,75,35
,43,78,15
,43,81,21
,43,100,40
,43,104,12
,43,110,38
,43,112,4
,43,113,2
,43,114,14
,43,121,13
,43,135,32
,43,137,5
,43,147,14
,43,162,31
,43,165,48
,43,173,7
,43,180,28
,43,186,4
,45,3,14
,45,15,7
,45,22,8
,45,37,5
,45,58,49
,45,78,31
,45,99,37
,45,100,4
,45,104,34
,45,113,35
,45,137,49
,45,147,34
,45,158,46
,45,173,1
,45,175,3
,45,178,37
,45,184,13
,45,190,49
,45,194,30
,45,198,28
,48,3,40
,48,9,11
,48,28,29
,48,30,18
,48,34,33
,48,39,19
,48,52,42
,48,53,7
,48,54,19
,48,63,26
,48,72,14
,48,77,42
,48,80,14
,48,84,13
,48,102,38
,48,103,38
,48,107,42
,48,108,35
,48,119,26
,48,120,36
,48,126,30
,48,130,1
,48,138,43
,48,143,16
,48,150,38
,48,159,10
,48,170,3
,48,177,10
,48,191,26
,48,195,8
,48,198,12
,50,3,16
,50,13,8
,50,27,5
,50,28,29
,50,41,44
,50,46,21
,50,52,30
,50,63,7
,50,65,39
,50,73,47
,50,77,46
,50,84,27
,50,88,24
,50,124,14
,50,126,12
,50,129,20
,50,135,34
,50,148,26
,50,156,44
,50,161,7
,50,166,11
,50,177,23
,50,185,38
,50,187,6
,50,191,12
,50,196,49
,63,3,41
,63,4,30
,63,30,26
,63,35,50
,63,37,47
,63,41,13
,63,67,16
,63,71,43
,63,77,1
,63,80,9
,63,83,18
,63,84,30
,63,88,25
,63,93,33
,63,96,11
,63,108,21
,63,111,13
,63,124,6
,63,130,38
,63,132,21
,63,135,41
,63,161,32
,63,166,9
,63,170,10
,63,174,1
,63,177,32
,63,188,15
,63,191,39
,63,196,3
,63,198,49
,63,199,48
,71,3,20
,71,11,46
,71,17,50
,71,27,28
,71,28,26
,71,35,1
,71,37,5
,71,38,36
,71,46,43
,71,50,6
,71,56,22
,71,73,23
,71,82,19
,71,97,25
,71,109,35
,71,129,15
,71,131,20
,71,135,27
,71,148,41
,71,150,10
,71,170,5
,71,177,44
,126,3,46
,126,4,28
,126,13,33
,126,28,33
,126,63,39
,126,71,22
,126,77,22
,126,80,50
,126,88,46
,126,93,37
,126,96,40
,126,111,39
,126,120,14
,126,124,24
,126,128,28
,126,135,22
,126,138,11
,126,148,37
,126,150,33
,126,151,6
,126,161,31
,126,167,28
,126,174,6
,126,187,28
,126,188,41
,126,198,18
,130,3,44
,130,30,25
,130,40,21
,130,53,35
,130,62,17
,130,67,9
,130,79,19
,130,91,43
,130,103,24
,130,116,15
,130,117,49
,130,118,47
,130,126,4
,130,136,46
,130,149,33
,130,150,42
,130,151,31
,130,160,35
,130,167,40
,130,172,32
,130,178,28
,130,183,7
,130,191,38
,130,198,47
,132,3,46
,132,28,47
,132,34,36
,132,37,12
,132,39,6
,132,41,43
,132,48,4
,132,54,23
,132,67,34
,132,72,26
,132,79,27
,132,80,11
,132,83,10
,132,84,47
,132,93,48
,132,118,34
,132,119,43
,132,120,36
,132,124,12
,132,126,36
,132,128,39
,132,130,29
,132,150,14
,132,156,24
,132,159,48
,132,160,34
,132,170,48
,132,196,32
,132,198,14
,132,199,28
,135,3,16
,135,9,41
,135,15,48
,135,17,43
,135,27,18
,135,28,12
,135,30,30
,135,33,40
,135,38,48
,135,45,16
,135,61,30
,135,65,35
,135,73,4
,135,111,2
,135,124,46
,135,156,23
,135,166,43
,135,167,30
,135,170,32
,135,184,9
,135,186,48
,135,187,21
,135,198,26
,137,3,45
,137,9,6
,137,12,23
,137,15,29
,137,23,44
,137,30,16
,137,33,7
,137,51,28
,137,56,4
,137,58,35
,137,71,40
,137,102,34
,137,104,30
,137,110,33
,137,131,49
,137,135,9
,137,147,19
,137,158,50
,137,166,26
,137,177,17
,137,186,15
,137,194,1
,150,3,13
,150,23,25
,150,26,42
,150,27,38
,150,30,29
,150,33,20
,150,37,1
,150,43,13
,150,45,34
,150,63,9
,150,65,20
,150,78,20
,150,84,4
,150,102,20
,150,104,3
,150,107,19
,150,113,21
,150,114,12
,150,116,9
,150,135,28
,150,137,17
,150,153,40
,150,162,45
,150,166,17
,150,167,31
,150,170,2
,150,175,15
,150,183,40
,150,184,45
,150,187,3
,152,3,32
,152,12,38
,152,15,3
,152,17,41
,152,23,5
,152,24,24
,152,26,43
,152,43,38
,152,44,39
,152,45,31
,152,58,26
,152,65,14
,152,71,15
,152,82,31
,152,110,20
,152,129,2
,152,131,40
,152,135,19
,152,137,12
,152,176,12
,152,182,21
,152,184,34
,152,189,15
,152,194,47
,167,3,41
,167,9,22
,167,13,49
,167,27,7
,167,28,32
,167,48,17
,167,50,18
,167,63,24
,167,67,14
,167,71,46
,167,77,11
,167,79,30
,167,82,1
,167,84,44
,167,107,4
,167,124,11
,167,131,43
,167,132,15
,167,137,20
,167,138,45
,167,151,17
,167,153,18
,167,166,24
,167,172,42
,167,174,17
,167,187,5
,167,198,14
,167,199,16
,170,3,30
,170,9,5
,170,28,25
,170,39,5
,170,50,28
,170,52,49
,170,65,6
,170,77,43
,170,80,43
,170,102,18
,170,117,9
,170,118,24
,170,124,27
,170,126,41
,170,130,29
,170,151,42
,170,160,39
,170,166,38
,170,167,45
,170,177,11
,170,188,30
,170,191,23
,170,198,30
,170,199,47
,176,3,24
,176,10,43
,176,15,3
,176,21,18
,176,23,50
,176,38,1
,176,43,46
,176,45,33
,176,51,24
,176,100,49
,176,102,11
,176,104,27
,176,110,42
,176,114,14
,176,135,35
,176,137,13
,176,150,8
,176,154,22
,176,162,1
,176,175,13
,177,3,50
,177,13,40
,177,18,14
,177,27,36
,177,33,27
,177,56,46
,177,61,46
,177,65,26
,177,72,19
,177,111,43
,177,124,27
,177,126,4
,177,131,49
,177,132,32
,177,135,14
,177,148,34
,177,150,8
,177,156,40
,177,161,2
,177,166,17
,177,167,29
,177,174,1
,177,187,26
,177,188,44
,177,191,6
,177,196,4
,187,3,24
,187,9,3
,187,11,13
,187,27,26
,187,33,10
,187,37,24
,187,48,4
,187,52,36
,187,63,39
,187,71,31
,187,77,31
,187,79,45
,187,84,49
,187,93,39
,187,97,26
,187,102,3
,187,103,32
,187,107,24
,187,108,46
,187,124,45
,187,130,18
,187,132,19
,187,151,43
,187,153,22
,187,156,30
,187,161,21
,187,170,45
,187,174,6
,187,183,43
,187,188,32
,188,3,11
,188,9,18
,188,33,12
,188,37,20
,188,48,1
,188,52,18
,188,53,28
,188,79,4
,188,84,45
,188,93,27
,188,102,24
,188,108,35
,188,117,38
,188,128,27
,188,130,17
,188,132,22
,188,136,14
,188,138,45
,188,150,43
,188,151,22
,188,158,30
,188,167,5
,188,172,10
,188,174,32
,188,183,44
,188,198,21
,198,3,36
,198,9,16
,198,29,28
,198,30,20
,198,65,12
,198,78,38
,198,82,37
,198,84,6
,198,91,8
,198,103,39
,198,113,35
,198,114,40
,198,116,37
,198,117,41
,198,137,26
,198,140,9
,198,150,11
,198,151,30
,198,158,41
,198,160,13
,198,162,8
,198,175,25
,198,177,22
,198,178,7
,198,183,18
,198,187,44
,4,11,4
,4,34,33
,4,39,9
,4,41,26
,4,48,4
,4,77,36
,4,79,38
,4,80,45
,4,98,2
,4,101,48
,4,108,50
,4,118,17
,4,119,5
,4,132,6
,4,138,42
,4,143,31
,4,151,32
,4,159,11
,4,161,27
,4,170,25
,4,172,35
,4,191,19
,4,196,19
,4,199,40
,52,4,4
,52,11,3
,52,18,31
,52,37,23
,52,63,31
,52,65,14
,52,71,1
,52,72,13
,52,77,47
,52,79,8
,52,83,15
,52,84,47
,52,97,28
,52,108,10
,52,111,20
,52,119,48
,52,120,34
,52,124,7
,52,126,45
,52,128,9
,52,132,5
,52,135,10
,52,153,29
,52,156,24
,52,167,48
,52,172,16
,52,174,35
,52,177,19
,52,191,35
,52,195,44
,67,4,44
,67,9,32
,67,34,39
,67,42,2
,67,48,25
,67,53,19
,67,79,49
,67,84,11
,67,101,21
,67,103,32
,67,117,4
,67,118,19
,67,119,9
,67,120,29
,67,126,33
,67,136,17
,67,138,14
,67,143,44
,67,151,24
,67,170,11
,67,183,48
,67,187,5
,67,188,16
,67,191,15
,67,195,35
,67,198,6
,72,4,4
,72,13,5
,72,18,19
,72,35,20
,72,50,17
,72,63,36
,72,77,25
,72,79,15
,72,80,14
,72,84,13
,72,88,35
,72,98,35
,72,119,18
,72,126,32
,72,141,45
,72,151,38
,72,156,13
,72,161,1
,72,167,31
,72,170,48
,72,174,14
,72,187,36
,72,195,22
,72,196,44
,72,199,19
,83,4,26
,83,11,37
,83,41,42
,83,72,45
,83,79,40
,83,88,18
,83,93,26
,83,96,42
,83,98,48
,83,108,42
,83,118,27
,83,120,38
,83,123,37
,83,126,16
,83,128,15
,83,148,18
,83,153,45
,83,159,31
,83,161,33
,83,170,50
,83,195,20
,84,4,8
,84,13,7
,84,27,35
,84,35,49
,84,37,5
,84,39,13
,84,65,23
,84,71,11
,84,77,49
,84,79,13
,84,80,7
,84,83,4
,84,88,25
,84,93,30
,84,96,5
,84,97,8
,84,108,48
,84,111,43
,84,118,26
,84,124,7
,84,126,23
,84,128,13
,84,130,29
,84,135,43
,84,138,28
,84,148,8
,84,151,30
,84,166,6
,84,170,47
,84,172,34
,84,177,19
,88,4,21
,88,11,28
,88,13,2
,88,18,48
,88,35,50
,88,41,12
,88,52,43
,88,77,11
,88,93,50
,88,124,31
,88,138,25
,88,148,20
,88,156,23
,88,166,42
,88,185,23
,88,199,41
,93,4,45
,93,34,47
,93,39,41
,93,48,5
,93,52,15
,93,67,1
,93,72,22
,93,79,31
,93,96,1
,93,97,3
,93,108,33
,93,120,10
,93,123,4
,93,128,4
,93,138,2
,93,141,31
,93,151,32
,93,155,24
,93,159,14
,93,170,29
,93,172,7
,93,196,20
,93,199,50
,96,4,27
,96,11,32
,96,18,16
,96,41,28
,96,50,45
,96,52,49
,96,72,44
,96,88,45
,96,97,25
,96,138,48
,96,151,23
,96,156,1
,96,191,27
,96,196,32
,97,4,32
,97,13,31
,97,28,19
,97,35,1
,97,41,26
,97,50,33
,97,61,43
,97,63,26
,97,65,6
,97,72,36
,97,77,39
,97,80,6
,97,83,37
,97,88,19
,97,111,5
,97,124,44
,97,126,30
,97,132,34
,97,148,28
,97,151,23
,97,153,14
,97,156,11
,97,166,7
,97,167,30
,97,170,44
,97,174,32
,97,177,28
,97,185,2
,97,191,48
,97,196,50
,120,4,16
,120,11,33
,120,34,33
,120,39,9
,120,41,14
,120,63,27
,120,72,50
,120,79,6
,120,80,26
,120,84,34
,120,88,12
,120,96,28
,120,97,10
,120,98,23
,120,123,42
,120,138,16
,120,143,17
,120,161,16
,120,170,29
,120,172,39
,120,191,39
,120,199,31
,122,4,39
,122,41,38
,122,79,16
,122,80,1
,122,83,1
,122,93,24
,122,98,48
,122,118,50
,122,120,5
,122,123,40
,122,128,5
,122,155,2
,122,195,38
,123,4,45
,123,41,14
,123,72,12
,123,77,38
,123,80,26
,123,101,19
,123,108,36
,123,118,19
,123,128,8
,123,141,4
,123,159,4
,123,172,40
,123,199,14
,128,4,50
,128,34,48
,128,42,46
,128,48,34
,128,54,4
,128,63,46
,128,67,34
,128,72,20
,128,101,39
,128,103,30
,128,107,32
,128,108,47
,128,117,22
,128,118,11
,128,120,28
,128,130,3
,128,138,12
,128,143,45
,128,159,22
,128,160,45
,128,167,40
,128,170,35
,128,183,9
,128,187,31
,128,191,46
,128,195,4
,128,198,49
,141,4,21
,141,34,22
,141,41,11
,141,77,47
,141,80,33
,141,83,20
,141,98,25
,141,120,22
,141,122,50
,141,128,4
,141,151,41
,141,172,14
,141,174,18
,141,191,26
,141,195,19
,141,199,32
,153,4,19
,153,9,49
,153,11,33
,153,33,12
,153,39,21
,153,48,42
,153,54,45
,153,63,31
,153,67,36
,153,72,32
,153,77,5
,153,79,27
,153,84,21
,153,93,45
,153,101,20
,153,102,37
,153,103,7
,153,108,37
,153,119,44
,153,120,7
,153,124,4
,153,126,37
,153,128,14
,153,130,23
,153,132,5
,153,143,47
,153,156,47
,153,160,41
,153,166,32
,153,170,35
,153,172,24
,153,177,42
,153,183,36
,153,188,29
,153,195,40
,153,198,2
,153,199,34
,155,4,40
,155,34,31
,155,41,29
,155,83,24
,155,98,8
,155,101,41
,155,108,22
,155,120,19
,155,123,27
,155,141,38
,155,191,15
,155,195,12
,174,4,6
,174,37,15
,174,48,36
,174,50,15
,174,67,36
,174,79,25
,174,80,7
,174,83,21
,174,84,5
,174,88,7
,174,93,26
,174,96,42
,174,101,49
,174,111,27
,174,120,31
,174,122,20
,174,123,23
,174,128,13
,174,130,22
,174,132,27
,174,151,27
,174,153,15
,174,156,16
,174,159,26
,174,161,27
,174,166,13
,174,170,39
,174,172,36
,174,191,50
,174,196,49
,195,4,30
,195,39,36
,195,63,5
,195,77,9
,195,84,18
,195,88,16
,195,93,28
,195,96,10
,195,97,32
,195,98,12
,195,101,32
,195,118,36
,195,120,48
,195,123,1
,195,126,36
,195,132,6
,195,170,47
,195,172,15
,195,174,50
,195,187,6
,195,188,30
,195,199,6
,55,5,27
,55,8,32
,55,29,6
,55,40,40
,55,42,38
,55,53,22
,55,54,40
,55,59,16
,55,62,27
,55,69,20
,55,85,47
,55,95,19
,55,103,32
,55,105,27
,55,136,36
,55,140,45
,55,144,31
,55,157,43
,55,169,11
,55,193,22
,55,197,47
,140,5,6
,140,8,24
,140,9,13
,140,22,7
,140,25,4
,140,36,1
,140,60,23
,140,62,35
,140,68,1
,140,78,11
,140,85,8
,140,86,36
,140,103,26
,140,107,32
,140,113,1
,140,130,23
,140,134,21
,140,136,48
,140,139,32
,140,142,39
,140,157,12
,140,158,24
,140,162,13
,140,164,5
,140,168,17
,140,173,24
,140,178,1
,140,193,5
,149,5,28
,149,7,40
,149,29,45
,149,36,50
,149,40,40
,149,42,44
,149,53,15
,149,55,19
,149,59,45
,149,69,45
,149,86,18
,149,103,41
,149,105,9
,149,106,10
,149,116,36
,149,125,47
,149,127,4
,149,139,16
,149,140,10
,149,143,49
,149,144,12
,149,168,28
,149,169,36
,149,183,37
,149,197,21
,183,5,29
,183,7,4
,183,9,42
,183,29,21
,183,37,24
,183,39,43
,183,48,16
,183,55,37
,183,59,17
,183,62,13
,183,91,31
,183,103,6
,183,105,34
,183,107,5
,183,113,20
,183,117,4
,183,125,6
,183,132,39
,183,136,9
,183,140,29
,183,144,13
,183,168,40
,183,170,49
,183,178,27
,183,193,15
,197,5,6
,197,7,9
,197,29,13
,197,31,6
,197,36,46
,197,42,19
,197,64,16
,197,69,50
,197,76,31
,197,136,34
,197,140,36
,197,157,43
,197,164,42
,197,168,25
,197,169,6
,10,6,31
,10,14,8
,10,15,35
,10,19,40
,10,20,31
,10,23,15
,10,26,38
,10,43,28
,10,45,44
,10,49,6
,10,74,14
,10,75,24
,10,81,3
,10,89,4
,10,100,17
,10,114,30
,10,115,11
,10,146,50
,10,162,26
,10,165,15
,10,173,50
,10,178,17
,10,179,20
,10,182,37
,10,186,24
,10,190,19
,10,194,36
,12,6,23
,12,10,20
,12,14,11
,12,15,29
,12,16,40
,12,19,6
,12,21,42
,12,22,3
,12,23,14
,12,26,26
,12,33,42
,12,38,8
,12,43,44
,12,45,6
,12,51,17
,12,81,14
,12,90,10
,12,99,47
,12,104,7
,12,112,46
,12,121,41
,12,147,11
,12,176,14
,12,180,14
,12,184,39
,12,194,14
,6,14,34
,6,15,48
,6,19,5
,6,23,21
,6,49,1
,6,87,31
,6,89,39
,6,100,35
,6,110,46
,6,112,26
,6,115,14
,6,186,35
,16,6,18
,16,10,9
,16,15,17
,16,20,8
,16,23,35
,16,26,9
,16,58,28
,16,74,11
,16,81,27
,16,89,47
,16,100,17
,16,121,25
,16,147,47
,16,176,28
,16,192,27
,20,6,35
,20,12,37
,20,19,4
,20,23,43
,20,43,10
,20,81,26
,20,100,11
,20,110,15
,20,115,32
,20,182,44
,20,186,39
,20,189,7
,20,192,20
,58,6,36
,58,10,31
,58,12,26
,58,20,19
,58,26,27
,58,38,26
,58,49,26
,58,51,48
,58,75,16
,58,87,39
,58,90,14
,58,99,13
,58,104,24
,58,115,12
,58,121,25
,58,131,24
,58,175,45
,58,176,20
,58,186,5
,58,194,27
,74,6,1
,74,20,23
,74,49,45
,74,81,49
,74,89,1
,74,90,38
,74,115,31
,74,121,29
,81,6,28
,81,14,27
,81,15,3
,81,19,14
,81,22,5
,81,45,43
,81,49,5
,81,58,3
,81,66,17
,81,87,38
,81,89,11
,81,99,29
,81,112,17
,81,121,40
,81,142,49
,81,145,7
,81,154,6
,81,162,1
,81,173,9
,81,176,46
,81,179,13
,81,182,15
,81,192,18
,90,6,50
,90,10,19
,90,14,20
,90,16,44
,90,20,9
,90,81,6
,90,115,9
,90,182,3
,90,192,37
,90,194,32
,121,6,3
,121,10,42
,121,14,35
,121,19,30
,121,20,17
,121,26,24
,121,47,36
,121,66,9
,121,87,9
,121,90,8
,121,99,48
,121,100,15
,121,114,31
,121,142,28
,121,147,18
,121,176,6
,121,180,12
,121,192,48
,121,194,27
,146,6,30
,146,14,22
,146,16,15
,146,47,47
,146,49,44
,146,58,29
,146,66,30
,146,74,36
,146,75,30
,146,81,42
,146,87,43
,146,89,32
,146,90,31
,146,112,8
,146,114,13
,146,115,32
,146,121,45
,146,173,17
,146,179,24
,146,180,15
,182,6,27
,182,12,7
,182,14,36
,182,16,26
,182,23,11
,182,38,5
,182,43,11
,182,58,33
,182,89,4
,182,176,13
,182,189,29
,182,194,18
,192,6,31
,192,10,29
,192,49,11
,192,58,39
,192,74,13
,192,75,45
,192,87,26
,192,89,1
,192,100,26
,192,115,7
,192,146,21
,192,182,4
,194,6,25
,194,14,18
,194,16,21
,194,20,1
,194,21,42
,194,23,32
,194,43,33
,194,75,6
,194,81,48
,194,82,2
,194,87,23
,194,100,47
,194,112,12
,194,114,7
,194,147,44
,194,175,22
,194,176,49
,194,186,23
,194,189,7
,78,7,24
,78,22,5
,78,26,4
,78,30,5
,78,33,39
,78,40,22
,78,47,4
,78,60,39
,78,64,17
,78,82,36
,78,91,38
,78,94,37
,78,99,2
,78,103,25
,78,107,38
,78,114,28
,78,116,45
,78,130,41
,78,137,46
,78,142,38
,78,144,6
,78,158,34
,78,162,45
,78,163,48
,78,176,35
,78,178,9
,78,179,15
,78,180,42
,78,183,49
,78,190,32
,78,193,10
,102,7,31
,102,22,20
,102,28,18
,102,29,7
,102,33,22
,102,37,45
,102,43,20
,102,45,19
,102,59,28
,102,75,11
,102,78,30
,102,85,25
,102,99,16
,102,113,41
,102,130,1
,102,131,4
,102,140,30
,102,147,37
,102,154,37
,102,158,35
,102,167,19
,102,173,9
,102,178,49
,102,179,44
,102,183,48
,102,184,42
,102,193,46
,102,198,49
,107,7,42
,107,9,36
,107,29,11
,107,30,14
,107,37,47
,107,42,3
,107,54,44
,107,59,26
,107,67,46
,107,69,36
,107,85,1
,107,102,12
,107,103,20
,107,116,19
,107,118,37
,107,125,28
,107,130,19
,107,132,15
,107,143,37
,107,144,9
,107,149,48
,107,153,30
,107,170,9
,107,172,35
,107,188,49
,107,193,22
,107,198,30
,125,7,48
,125,29,32
,125,31,18
,125,36,38
,125,39,42
,125,40,17
,125,42,31
,125,54,37
,125,55,47
,125,68,46
,125,69,34
,125,117,2
,125,139,5
,125,140,5
,125,143,45
,125,160,15
,125,164,18
,125,168,48
,125,197,4
,136,7,7
,136,40,7
,136,48,30
,136,53,26
,136,54,40
,136,59,7
,136,62,25
,136,64,8
,136,68,49
,136,106,31
,136,107,48
,136,117,42
,136,125,31
,136,128,25
,136,143,47
,136,149,32
,136,168,46
,76,8,42
,76,29,20
,76,55,10
,76,64,27
,76,86,36
,76,125,31
,76,149,46
,76,164,9
,76,168,7
,169,8,12
,169,31,3
,169,36,14
,169,40,7
,169,68,31
,169,69,13
,169,76,21
,169,105,21
,169,127,19
,169,139,23
,169,157,20
,169,164,43
,169,168,30
,22,9,47
,22,10,28
,22,15,50
,22,19,43
,22,26,31
,22,33,19
,22,43,19
,22,47,3
,22,59,49
,22,60,39
,22,66,10
,22,85,44
,22,91,3
,22,94,23
,22,99,42
,22,112,16
,22,113,25
,22,116,24
,22,121,4
,22,134,26
,22,144,6
,22,145,48
,22,146,9
,22,147,30
,22,150,33
,22,154,12
,22,162,18
,22,173,17
,22,176,7
,22,184,27
,22,190,4
,22,193,18
,22,194,17
,22,198,5
,79,9,42
,79,30,37
,79,37,18
,79,39,36
,79,41,7
,79,48,16
,79,53,50
,79,63,15
,79,80,42
,79,97,28
,79,101,44
,79,107,25
,79,108,25
,79,118,23
,79,126,32
,79,128,27
,79,138,13
,79,143,36
,79,170,34
,79,172,18
,79,177,29
,79,183,48
,79,195,31
,79,198,18
,79,199,43
,99,9,43
,99,10,44
,99,14,37
,99,15,12
,99,19,24
,99,21,30
,99,33,8
,99,43,14
,99,60,38
,99,82,8
,99,91,41
,99,100,20
,99,113,1
,99,114,29
,99,137,11
,99,142,45
,99,145,46
,99,146,35
,99,150,43
,99,175,39
,99,176,1
,99,178,47
,99,179,29
,99,184,3
,99,186,39
,99,194,7
,103,9,1
,103,30,43
,103,37,24
,103,39,19
,103,40,20
,103,79,36
,103,85,29
,103,91,15
,103,102,10
,103,116,45
,103,117,18
,103,125,38
,103,132,30
,103,136,21
,103,143,44
,103,144,42
,103,150,27
,103,151,8
,103,158,5
,103,160,19
,103,170,11
,103,172,7
,103,188,15
,103,193,1
,144,9,11
,144,31,40
,144,36,11
,144,60,21
,144,68,22
,144,94,29
,144,102,11
,144,113,38
,144,114,27
,144,125,9
,144,130,28
,144,134,36
,144,136,32
,144,140,42
,144,142,45
,144,154,41
,144,168,28
,144,173,39
,144,190,8
,144,197,6
,144,198,17
,162,9,42
,162,12,16
,162,26,22
,162,29,20
,162,40,49
,162,45,45
,162,47,45
,162,59,24
,162,85,29
,162,99,11
,162,102,20
,162,114,41
,162,116,37
,162,131,2
,162,134,9
,162,144,20
,162,145,5
,162,146,6
,162,147,33
,162,154,41
,162,158,19
,162,163,24
,162,179,28
,162,184,49
,162,190,3
,162,193,38
,162,194,50
,184,9,50
,184,10,17
,184,26,42
,184,37,32
,184,38,20
,184,43,24
,184,58,26
,184,60,3
,184,75,7
,184,78,17
,184,81,21
,184,82,14
,184,100,11
,184,112,42
,184,114,10
,184,131,38
,184,137,8
,184,154,18
,184,158,14
,184,173,37
,184,176,14
,184,178,14
,184,179,49
,184,180,39
,184,194,21
,184,198,36
,66,10,39
,66,16,19
,66,49,26
,66,74,50
,66,75,48
,66,112,25
,66,114,42
,66,142,47
,66,162,32
,66,163,42
,66,190,13
,66,192,20
,82,10,46
,82,12,47
,82,19,20
,82,22,29
,82,26,40
,82,28,41
,82,37,41
,82,38,6
,82,43,34
,82,45,2
,82,47,32
,82,58,29
,82,65,34
,82,81,21
,82,100,38
,82,102,23
,82,113,31
,82,135,12
,82,137,45
,82,147,31
,82,150,19
,82,158,34
,82,162,48
,82,173,14
,82,175,11
,82,176,4
,82,177,44
,82,190,50
,87,10,3
,87,12,22
,87,16,16
,87,20,29
,87,66,17
,87,74,11
,87,75,3
,87,89,24
,87,90,46
,87,100,2
,87,182,18
,110,10,10
,110,12,8
,110,16,35
,110,21,18
,110,24,31
,110,51,7
,110,58,19
,110,81,47
,110,89,48
,110,90,48
,110,100,5
,110,165,33
,110,175,20
,110,182,13
,110,189,45
,110,194,18
,112,10,37
,112,14,19
,112,15,11
,112,16,13
,112,20,20
,112,23,32
,112,26,22
,112,45,20
,112,47,30
,112,58,43
,112,74,50
,112,82,13
,112,87,44
,112,89,13
,112,90,3
,112,99,21
,112,110,6
,112,113,34
,112,114,47
,112,121,14
,112,137,46
,112,147,45
,112,154,36
,112,162,17
,112,173,39
,112,176,15
,112,179,17
,112,180,3
,112,182,37
,112,192,30
,147,10,23
,147,19,35
,147,21,13
,147,23,20
,147,47,6
,147,49,50
,147,58,33
,147,75,35
,147,78,48
,147,81,16
,147,99,21
,147,100,26
,147,113,43
,147,114,2
,147,116,23
,147,131,35
,147,146,20
,147,150,34
,147,165,27
,147,175,21
,147,176,6
,147,178,37
,147,179,45
,147,180,45
,147,184,40
,147,186,2
,180,10,18
,180,19,35
,180,22,17
,180,23,14
,180,26,13
,180,45,39
,180,60,44
,180,66,40
,180,75,40
,180,81,46
,180,87,23
,180,99,43
,180,134,37
,180,142,27
,180,145,15
,180,154,45
,180,162,30
,180,176,19
,180,179,8
,180,194,10
,18,11,22
,18,13,30
,18,32,41
,18,35,7
,18,46,49
,18,50,32
,18,61,14
,18,63,21
,18,65,40
,18,71,50
,18,84,35
,18,92,8
,18,97,20
,18,111,23
,18,126,28
,18,129,43
,18,135,13
,18,156,28
,18,167,46
,18,181,38
,18,185,17
,18,196,12
,18,199,21
,27,11,7
,27,13,42
,27,18,41
,27,21,38
,27,30,49
,27,32,39
,27,33,18
,27,35,11
,27,37,46
,27,52,11
,27,61,29
,27,63,1
,27,65,29
,27,72,17
,27,92,3
,27,97,40
,27,104,49
,27,109,30
,27,111,36
,27,126,47
,27,131,34
,27,137,20
,27,148,29
,27,152,1
,27,153,48
,27,156,42
,27,161,8
,27,170,10
,27,175,20
,27,185,13
,35,11,7
,35,13,40
,35,17,49
,35,32,7
,35,46,1
,35,50,44
,35,52,21
,35,73,22
,35,96,4
,35,111,22
,35,124,25
,35,126,20
,35,129,24
,35,135,30
,35,156,14
,35,161,37
,35,177,20
,35,196,47
,41,11,6
,41,18,7
,41,52,1
,41,72,44
,41,77,10
,41,84,21
,41,93,36
,41,119,22
,41,126,25
,41,128,15
,41,153,42
,41,159,22
,41,161,13
,41,170,21
,41,174,6
,41,191,31
,41,195,50
,41,196,47
,11,50,3
,11,61,29
,11,63,8
,11,65,12
,11,72,24
,11,84,5
,11,93,41
,11,97,45
,11,126,23
,11,132,26
,11,148,41
,11,151,48
,11,167,23
,11,170,34
,11,174,2
,11,177,7
,11,195,23
,11,196,35
,11,199,4
,77,11,7
,77,28,32
,77,34,50
,77,37,23
,77,39,13
,77,67,36
,77,79,28
,77,83,30
,77,93,6
,77,96,6
,77,101,46
,77,108,26
,77,118,37
,77,120,23
,77,122,20
,77,128,18
,77,130,36
,77,132,5
,77,138,28
,77,148,16
,77,151,38
,77,159,40
,77,160,21
,77,166,11
,77,172,10
,77,174,34
,77,177,34
,77,188,30
,77,191,6
,77,198,36
,77,199,11
,111,11,15
,111,28,3
,111,41,4
,111,50,41
,111,61,37
,111,71,17
,111,72,34
,111,73,46
,111,77,16
,111,88,16
,111,92,3
,111,96,3
,111,109,41
,111,156,9
,111,166,30
,111,167,14
,111,185,18
,111,187,50
,111,191,22
,111,196,8
,111,199,23
,124,11,2
,124,17,33
,124,18,39
,124,27,28
,124,41,10
,124,65,33
,124,71,49
,124,72,16
,124,73,7
,124,77,41
,124,96,24
,124,109,50
,124,111,13
,124,148,46
,124,156,9
,124,161,34
,124,166,39
,124,174,33
,124,185,17
,124,196,17
,138,11,4
,138,39,4
,138,41,13
,138,52,35
,138,63,19
,138,72,9
,138,83,40
,138,97,33
,138,98,35
,138,101,48
,138,108,11
,138,122,16
,138,123,24
,138,132,23
,138,141,13
,138,153,4
,138,155,10
,138,170,31
,138,174,1
,138,187,46
,138,191,19
,138,195,28
,138,196,17
,156,11,21
,156,13,15
,156,30,7
,156,41,6
,156,46,38
,156,61,30
,156,63,4
,156,65,13
,156,71,49
,156,73,46
,156,77,14
,156,84,18
,156,92,42
,156,126,6
,156,148,10
,156,151,40
,156,161,48
,156,167,23
,156,170,17
,156,185,20
,161,11,11
,161,18,6
,161,28,5
,161,52,17
,161,77,41
,161,84,19
,161,88,30
,161,93,13
,161,96,30
,161,97,24
,161,111,1
,161,132,19
,161,138,17
,161,153,27
,161,166,48
,161,167,38
,161,170,41
,161,185,25
,161,195,23
,166,11,35
,166,18,33
,166,27,23
,166,35,1
,166,37,13
,166,38,17
,166,46,12
,166,52,25
,166,56,22
,166,65,45
,166,71,15
,166,72,20
,166,92,48
,166,96,17
,166,104,22
,166,126,23
,166,129,44
,166,131,17
,166,132,7
,166,156,45
,166,175,7
,166,185,37
,166,187,45
,185,11,29
,185,13,48
,185,32,33
,185,35,20
,185,46,19
,185,56,7
,185,61,21
,185,65,22
,185,70,46
,185,71,10
,185,73,48
,185,92,43
,185,96,5
,185,129,47
,185,181,22
,191,11,12
,191,34,11
,191,39,48
,191,72,29
,191,79,24
,191,80,3
,191,83,13
,191,84,48
,191,88,17
,191,93,37
,191,118,9
,191,122,28
,191,123,3
,191,124,22
,191,126,22
,191,132,17
,191,151,7
,191,153,34
,191,156,18
,191,159,3
,191,161,20
,191,167,14
,191,172,26
,191,187,20
,191,188,21
,191,195,32
,191,199,27
,49,12,47
,49,15,11
,49,16,12
,49,19,18
,49,20,42
,49,43,23
,49,75,41
,49,87,39
,49,90,28
,49,99,18
,49,100,38
,49,110,27
,49,112,21
,49,115,42
,49,121,19
,49,176,20
,49,180,15
,49,182,39
,49,194,26
,89,12,28
,89,20,25
,89,49,47
,89,58,45
,89,90,8
,89,100,15
,89,115,36
,89,121,13
,89,194,28
,100,12,9
,100,21,3
,100,23,10
,100,51,30
,100,58,37
,100,81,15
,100,90,39
,100,104,11
,100,112,50
,100,137,32
,100,152,40
,100,175,46
,100,182,2
,100,189,29
,131,12,3
,131,15,44
,131,21,48
,131,22,12
,131,26,27
,131,37,15
,131,38,11
,131,43,1
,131,45,34
,131,51,33
,131,56,3
,131,60,47
,131,65,27
,131,75,14
,131,78,12
,131,82,17
,131,99,34
,131,100,22
,131,104,25
,131,112,17
,131,114,16
,131,135,29
,131,150,44
,131,158,7
,131,175,35
,131,176,14
,131,187,26
,131,190,21
,131,194,34
,131,198,3
,165,12,18
,165,19,18
,165,21,22
,165,23,48
,165,26,31
,165,38,46
,165,44,1
,165,45,24
,165,56,43
,165,58,47
,165,65,19
,165,71,23
,165,82,26
,165,99,23
,165,100,44
,165,112,38
,165,131,13
,165,135,2
,165,137,46
,165,152,8
,165,175,9
,165,176,17
,165,182,15
,165,184,41
,165,186,14
,165,189,10
,165,194,45
,175,12,15
,175,15,18
,175,26,14
,175,30,33
,175,43,38
,175,56,25
,175,65,26
,175,71,25
,175,102,12
,175,104,7
,175,135,6
,175,137,27
,175,152,45
,175,167,44
,175,177,4
,175,184,27
,186,12,11
,186,14,47
,186,15,27
,186,16,7
,186,21,36
,186,24,47
,186,45,3
,186,49,24
,186,51,16
,186,75,41
,186,81,29
,186,82,21
,186,90,21
,186,100,28
,186,110,7
,186,112,7
,186,131,10
,186,152,3
,186,175,42
,186,176,37
,186,182,45
,186,184,49
,186,189,6
,189,12,32
,189,15,36
,189,21,35
,189,23,22
,189,38,41
,189,43,10
,189,44,8
,189,51,5
,189,58,13
,189,133,36
,32,13,48
,32,17,30
,32,44,44
,32,61,16
,32,70,46
,32,71,12
,32,73,16
,32,92,25
,32,109,27
,32,129,47
,32,171,1
,46,13,11
,46,27,15
,46,32,32
,46,56,7
,46,57,30
,46,70,19
,46,73,10
,46,111,36
,46,124,15
,46,129,6
,46,148,30
,46,171,4
,56,13,19
,56,18,30
,56,27,9
,56,32,31
,56,35,15
,56,50,30
,56,51,13
,56,57,34
,56,61,14
,56,70,29
,56,104,5
,56,111,42
,56,124,33
,56,129,45
,56,135,26
,56,152,3
,56,156,21
,56,181,36
,61,13,41
,61,17,2
,61,35,30
,61,46,36
,61,50,29
,61,71,41
,61,92,21
,61,124,10
,61,129,32
,61,166,43
,73,13,18
,73,17,42
,73,18,27
,73,27,15
,73,44,47
,73,56,35
,73,57,46
,73,61,17
,73,92,42
,73,109,37
,73,129,43
,73,133,39
,73,166,36
,73,171,36
,181,13,33
,181,17,15
,181,32,4
,181,35,40
,181,44,49
,181,46,39
,181,61,13
,181,73,15
,181,109,35
,181,129,18
,181,133,3
,181,171,7
,196,13,50
,196,27,32
,196,28,9
,196,52,26
,196,77,21
,196,80,29
,196,83,50
,196,84,10
,196,88,18
,196,120,50
,196,126,2
,196,151,16
,196,156,26
,196,161,50
,196,166,12
,196,167,34
,196,170,47
,196,185,6
,196,191,18
,196,195,30
,196,199,34
,199,13,50
,199,35,20
,199,41,46
,199,50,5
,199,52,16
,199,83,1
,199,84,13
,199,96,7
,199,97,6
,199,119,8
,199,124,10
,199,126,36
,199,138,6
,199,148,14
,199,151,30
,199,156,14
,199,159,25
,199,161,35
,199,166,21
,199,174,20
,199,177,2
,15,14,8
,15,20,22
,15,21,35
,15,23,4
,15,26,44
,15,43,11
,15,51,50
,15,58,26
,15,82,11
,15,90,1
,15,100,31
,15,110,12
,15,121,7
,15,147,21
,15,150,28
,15,165,12
,15,182,32
,15,184,21
,15,194,15
,14,16,26
,14,19,15
,14,20,47
,14,47,44
,14,49,30
,14,58,3
,14,66,30
,14,74,8
,14,75,48
,14,87,6
,14,89,29
,14,100,38
,14,145,21
,14,147,15
,14,173,29
,14,176,20
,14,180,45
,14,192,42
,23,14,15
,23,19,5
,23,21,30
,23,22,32
,23,26,26
,23,33,6
,23,38,39
,23,45,4
,23,47,23
,23,49,23
,23,58,4
,23,81,32
,23,82,47
,23,87,31
,23,89,17
,23,90,34
,23,99,16
,23,110,23
,23,114,31
,23,121,5
,23,131,8
,23,158,10
,23,162,17
,23,173,31
,23,175,50
,23,184,36
,23,186,43
,26,14,50
,26,19,33
,26,21,14
,26,45,46
,26,49,31
,26,60,18
,26,75,1
,26,81,44
,26,87,24
,26,99,17
,26,100,41
,26,102,34
,26,110,44
,26,137,47
,26,146,38
,26,147,50
,26,158,41
,26,176,38
,26,179,10
,26,182,34
,26,186,18
,26,194,29
,115,14,44
,115,16,19
,115,81,5
,115,87,47
,115,112,3
,115,121,4
,115,182,12
,19,15,50
,19,16,34
,19,45,13
,19,58,3
,19,66,12
,19,74,31
,19,75,13
,19,87,31
,19,89,1
,19,90,34
,19,100,14
,19,110,16
,19,112,38
,19,114,44
,19,115,3
,19,146,30
,19,173,26
,19,176,14
,19,182,47
,19,184,3
,19,186,4
,19,192,34
,19,194,46
,33,15,38
,33,21,31
,33,26,14
,33,30,38
,33,37,7
,33,43,29
,33,45,20
,33,48,49
,33,65,37
,33,71,29
,33,75,50
,33,82,17
,33,91,43
,33,103,49
,33,107,32
,33,116,6
,33,130,46
,33,131,24
,33,147,25
,33,154,32
,33,158,31
,33,162,24
,33,165,16
,33,166,31
,33,167,50
,33,170,20
,33,175,16
,33,176,15
,33,183,21
,33,184,38
,33,186,41
,33,194,35
,33,198,47
,104,15,17
,104,17,19
,104,23,40
,104,24,12
,104,26,29
,104,28,39
,104,33,39
,104,38,2
,104,51,13
,104,71,26
,104,82,14
,104,99,3
,104,110,2
,104,133,37
,104,135,37
,104,147,32
,104,152,20
,104,165,45
,104,177,27
,104,184,34
,104,186,49
,104,189,12
,104,194,28
,17,18,32
,17,21,10
,17,24,2
,17,27,20
,17,38,42
,17,44,27
,17,46,5
,17,51,15
,17,56,9
,17,65,33
,17,70,38
,17,92,34
,17,133,11
,17,166,38
,17,185,18
,57,17,38
,57,32,47
,57,44,39
,57,61,22
,57,92,18
,57,129,38
,57,133,24
,57,181,7
,57,185,14
,109,17,42
,109,18,33
,109,35,20
,109,46,40
,109,50,20
,109,56,12
,109,57,29
,109,61,39
,109,65,25
,109,70,14
,109,92,15
,109,129,14
,109,133,21
,109,156,37
,109,166,40
,109,171,29
,109,185,25
,129,17,46
,129,27,6
,129,38,11
,129,65,40
,129,92,7
,129,104,21
,129,124,42
,129,133,30
,129,135,36
,129,156,39
,129,177,2
,171,17,4
,171,44,10
,171,57,16
,171,61,37
,171,129,2
,148,18,5
,148,35,27
,148,41,25
,148,52,29
,148,61,35
,148,63,39
,148,72,13
,148,96,18
,148,111,21
,148,161,10
,148,166,44
,148,174,47
,148,185,5
,148,196,2
,51,21,19
,51,23,12
,51,24,50
,51,129,36
,51,133,15
,51,135,3
,51,152,50
,51,165,19
,51,175,20
,51,182,10
,51,194,19
,133,21,15
,133,32,22
,133,56,16
,133,152,19
,133,165,35
,133,171,13
,24,32,29
,24,38,34
,24,44,45
,24,56,40
,24,57,16
,24,129,38
,24,133,7
,24,165,24
,24,189,26
,70,24,4
,70,44,50
,70,57,17
,70,61,35
,70,73,46
,70,129,43
,70,133,2
,70,171,35
,70,181,37
,92,24,49
,92,35,12
,92,46,50
,92,50,34
,92,56,25
,92,70,13
,92,71,18
,92,124,50
,92,133,47
,92,171,23
,92,181,20
,168,25,38
,168,29,12
,168,36,27
,168,42,18
,168,54,13
,168,55,39
,168,59,36
,168,86,7
,168,95,14
,168,103,37
,168,105,17
,168,117,32
,168,139,15
,168,164,32
,168,193,12
,54,29,17
,54,34,27
,54,53,44
,54,59,17
,54,62,30
,54,67,3
,54,68,2
,54,79,12
,54,103,41
,54,108,13
,54,118,27
,54,130,37
,54,149,38
,54,160,18
,54,172,3
,54,183,28
,54,188,41
,39,30,19
,39,54,19
,39,67,24
,39,80,27
,39,101,48
,39,107,31
,39,108,7
,39,119,5
,39,122,48
,39,128,43
,39,130,31
,39,136,46
,39,159,4
,39,174,27
,39,187,41
,39,188,19
,39,198,42
,172,30,30
,172,39,13
,172,41,48
,172,48,3
,172,63,38
,172,67,30
,172,72,29
,172,80,47
,172,83,1
,172,108,39
,172,118,30
,172,119,44
,172,122,44
,172,126,13
,172,128,25
,172,132,13
,172,138,50
,172,143,50
,172,151,43
,172,155,26
,172,159,42
,172,170,49
,172,187,37
,34,39,43
,34,79,13
,34,83,26
,34,98,36
,34,117,27
,34,122,25
,34,123,42
,34,136,4
,34,138,24
,34,143,2
,34,153,28
,34,159,25
,34,170,36
,34,172,18
,34,174,21
,34,188,24
,34,195,37
,53,34,8
,53,39,21
,53,42,25
,53,62,6
,53,85,9
,53,101,44
,53,103,26
,53,107,12
,53,125,24
,53,128,29
,53,160,40
,53,168,28
,53,172,23
,53,183,37
,80,34,18
,80,41,35
,80,52,23
,80,67,25
,80,77,19
,80,83,2
,80,93,42
,80,96,47
,80,101,20
,80,108,1
,80,118,33
,80,119,16
,80,128,20
,80,138,40
,80,143,29
,80,153,8
,80,155,50
,80,161,44
,80,188,36
,80,195,41
,80,199,1
,101,34,30
,101,48,15
,101,54,19
,101,83,48
,101,93,49
,101,108,20
,101,117,12
,101,120,4
,101,122,22
,101,132,20
,101,141,50
,101,143,29
,101,160,2
,101,172,33
,101,191,1
,108,34,18
,108,41,15
,108,53,28
,108,67,6
,108,72,33
,108,98,8
,108,119,19
,108,120,20
,108,122,28
,108,126,29
,108,132,29
,108,141,11
,108,143,38
,108,151,13
,108,170,38
,108,174,50
,108,191,50
,108,195,47
,108,199,44
,118,34,9
,118,39,28
,118,48,42
,118,53,2
,118,93,46
,118,101,9
,118,103,32
,118,108,33
,118,119,45
,118,120,49
,118,136,39
,118,138,8
,118,141,1
,118,151,29
,118,153,22
,118,159,48
,118,174,38
,118,187,20
,118,188,24
,119,34,31
,119,77,2
,119,79,17
,119,83,48
,119,84,40
,119,93,15
,119,101,14
,119,120,18
,119,122,41
,119,123,5
,119,128,14
,119,138,39
,119,141,45
,119,155,8
,119,170,33
,119,174,11
,119,191,27
,119,195,8
,151,34,33
,151,37,36
,151,39,32
,151,41,20
,151,48,33
,151,52,38
,151,63,29
,151,79,19
,151,80,6
,151,83,10
,151,88,2
,151,101,3
,151,107,17
,151,119,37
,151,120,16
,151,122,26
,151,123,10
,151,128,6
,151,132,39
,151,138,9
,151,153,6
,151,161,15
,151,177,10
,151,195,21
,160,34,24
,160,37,19
,160,39,26
,160,42,15
,160,48,40
,160,59,8
,160,67,39
,160,79,33
,160,85,12
,160,107,39
,160,108,7
,160,117,14
,160,118,8
,160,136,8
,160,143,49
,160,149,16
,160,151,8
,160,172,40
,160,174,28
,160,183,45
,160,187,41
,160,188,42
,160,191,39
,65,35,43
,65,56,10
,65,61,49
,65,63,11
,65,71,9
,65,73,8
,65,92,31
,65,104,4
,65,111,39
,65,126,31
,65,137,45
,65,153,38
,65,167,30
,65,187,3
,42,39,1
,42,54,13
,42,64,25
,42,85,11
,42,103,31
,42,118,30
,42,136,6
,42,143,49
,42,183,32
,117,39,46
,117,40,18
,117,42,30
,117,48,23
,117,53,44
,117,54,22
,117,55,8
,117,62,21
,117,79,45
,117,107,28
,117,108,12
,117,118,16
,117,132,30
,117,143,12
,117,144,18
,117,149,5
,117,153,9
,117,172,21
,143,39,11
,143,53,41
,143,54,43
,143,77,43
,143,93,2
,143,118,38
,143,119,21
,143,122,4
,143,130,11
,143,132,38
,143,138,30
,143,151,50
,143,170,48
,143,174,4
,143,183,44
,143,187,26
,143,188,27
,143,191,37
,143,195,29
,143,198,19
,98,41,28
,98,80,11
,98,93,20
,98,101,30
,98,119,43
,98,123,41
,98,172,11
,98,191,25
,44,51,33
,44,56,30
,44,92,15
,44,104,12
,44,109,10
,44,129,11
,44,133,41
,159,52,20
,159,67,49
,159,72,30
,159,79,18
,159,80,45
,159,84,42
,159,98,23
,159,101,1
,159,108,17
,159,119,13
,159,120,39
,159,122,16
,159,138,18
,159,141,39
,159,143,5
,159,151,22
,159,153,49
,159,155,14
,159,161,38
,159,195,38

Source,25
Sink,129
